{
	"class_name" : "PinholeCameraParameters",
	"extrinsic" : 
	[
		-0.33312457995295952,
		0.76903077867011194,
		-0.54554530122548539,
		0.0,
		0.76286652385773224,
		0.55986738128883273,
		0.32339323144742055,
		0.0,
		0.55413236776819352,
		-0.30844801316725329,
		-0.77317342308487924,
		0.0,
		0.2785336238892181,
		-0.070233067859358483,
		0.4747106928163991,
		1.0
	],
	"intrinsic" : 
	{
		"height" : 1016,
		"intrinsic_matrix" : 
		[
			879.88181024498977,
			0.0,
			0.0,
			0.0,
			879.88181024498977,
			0.0,
			924.5,
			507.5,
			1.0
		],
		"width" : 1850
	},
	"version_major" : 1,
	"version_minor" : 0
}